reviewId,userName,userImage,content,score,at,label,topic
11d42491-4633-439b-8461-c7a3be58755a,Pak Suroto,https://play-lh.googleusercontent.com/a/ACg8ocLsm30qnXRkjqoXZwIjOUVLsmUUbkT6zPjDswvZfqKm=mo,Membantu,4,2024-02-09 23:21:13,1,7
f507c3e8-f1ac-4ebb-b83b-43447dc53576,Muhammad Radit,https://play-lh.googleusercontent.com/a-/ALV-UjWW-w2FiZwV0pq-XL0zWdn3-BZ3PhmYFx94lSdN0sVLJg,Ok,5,2024-02-09 23:17:32,1,0
5c3270f7-1dc7-4c4b-a9db-9821dace3de7,Wanda Kembar,https://play-lh.googleusercontent.com/a-/ALV-UjWYyxCmxSwpEngkipA4A6KncfEfMw-2JnZuvjNtmj6Ggw,Mantap,5,2024-02-09 23:15:48,1,4
8bc1cd03-6aed-4aec-a0b0-7f17d0d50c4b,Didik putra Setiawan,https://play-lh.googleusercontent.com/a-/ALV-UjXA1pWJ4_mhsfoZXCEN3Xe9azhZzynuHVvzflyBWhx9og,maau di gunakan transaksi gak bisa woyyyyyy. goblokkk... sering erorrrr,1,2024-02-09 23:07:18,1,1
9ffb52dd-bff9-4105-a771-258ea494f22c,Agung Riyanto,https://play-lh.googleusercontent.com/a/ACg8ocKywQI_e4lO4jMXhzFloXEWOjUfi-prLuocgNoCW1YW=mo,Mantap kepenak Fashand,5,2024-02-09 23:03:12,1,5
75664c09-f91c-4e67-9704-b9d2b364f826,Abraham Said,https://play-lh.googleusercontent.com/a-/ALV-UjWnv9_s-6QAsOI_QGKzOab6B85eII52wqs1VZzJABqkLw,Good app,5,2024-02-09 22:58:40,1,6
0703d5fb-d34f-4367-ab98-0a3c1f0cd092,Maria Febrica,https://play-lh.googleusercontent.com/a-/ALV-UjUg7MysdwdIryAHIgwhI7mF3iZe1AujhsgQv_KUswN8jBo,App rusak! Verifikasi wajah ga jelas!,1,2024-02-09 22:58:37,0,2
a13e52a8-08b6-4d29-bd75-9777570dec89,Mardanianto 21,https://play-lh.googleusercontent.com/a-/ALV-UjXa66jvgnGP4hzOPpwuSOIS0uyIJ2PsGJbap8Wv_OKlAdw,Bagus,5,2024-02-09 22:55:44,1,0
2d7ff6dc-23ad-400d-96ab-3f3960e533ad,sabar udiono kumbara,https://play-lh.googleusercontent.com/a-/ALV-UjVJovNwNFSapuKdJkbeOqzdLo_U2JAHprpgeQjAMrWs5Q,Mantap,5,2024-02-09 22:53:44,1,4
175a3103-7bd4-45ae-8ef6-7faabeea692b,RUPA- RUPA,https://play-lh.googleusercontent.com/a-/ALV-UjWIB6Sm_WPRG8rrJKDJfUzIwFRHfd7xiL6xm6arY3C-eME,"proses KYC gagal terus, padahal saya ingin reg BRImo ini",5,2024-02-09 22:53:32,0,2
b7881119-4425-46d2-a1bd-2b622bf6c80b,Putri Pita,https://play-lh.googleusercontent.com/a/ACg8ocIh0-pr2paTHNvQH3CIzoq-HdT1BubCvVedfEmNMbjx=mo,Matap,5,2024-02-09 22:53:23,1,6
ad67effa-2199-44b2-b3f3-4702f1ceea06,Duda Anak 1,https://play-lh.googleusercontent.com/a-/ALV-UjW4jL1cR_DkvSywBQc8v-NVszANC9-BLUsTiuyDa8H8ug,"Transaksi dimana pun menjadi lebih muda ,makasih atas multipaymentnya brimo",5,2024-02-09 22:47:25,1,2
45327ed3-1510-444c-a229-0160ecf6df84,Derna Wati,https://play-lh.googleusercontent.com/a-/ALV-UjUViK8UH3FMMZiUqjEWSwx8qGjE9Vin56A71OpUvzXUf10,"Sangat Puas sekali, cepat & nyaman..",5,2024-02-09 22:45:03,1,1
b67c79dc-ba71-4d00-a258-b109d413e805,Ziara Oktaviani,https://play-lh.googleusercontent.com/a/ACg8ocIZ1CoGFgx7t37DeI9bcMxouSAE3jLWHzGEvU-xZe9X=mo,bagus,5,2024-02-09 22:44:31,1,0
e7d82de6-a491-400a-8b1f-1d7a393c688d,M SARIPUDIN,https://play-lh.googleusercontent.com/a/ACg8ocIjoM1z_-PwZwxbwP0a_R1M90e6SG4UgdOBgqfxeMxY=mo,mantapppppppp,5,2024-02-09 22:41:17,1,3
47980cd2-bbd6-42bb-9e16-20bc3deab4f9,olden maarontong,https://play-lh.googleusercontent.com/a-/ALV-UjXa-jAl8s2qpVf_GPTjTJoF6g7Uu3GDczg-2ec1Y7OB-g,Sangat puas,5,2024-02-09 22:36:44,1,1
b90e024e-d914-410a-9680-56cbab6e28f1,Jojo Taryana,https://play-lh.googleusercontent.com/a-/ALV-UjWDlhR5HBgNFfg2Wp7oX4UisOwOFn4ppHDcFR_v1-c6amc,Sangat membantu kebutuhan transfer keuangan tidak harus pergi ke kantor bank/ATM,5,2024-02-09 22:21:29,1,8
0fa1ef65-f2d7-405a-866e-81ac448960db,Supandi,https://play-lh.googleusercontent.com/a/ACg8ocKR35_j1Pa73BbxeIZHaZEUsHQiFuLNZavANpGgDLFQ=mo,Mudah dan simple,5,2024-02-09 22:17:29,1,6
01aabddb-20ca-47f6-a272-45f7802502b4,Mustakim Maulana,https://play-lh.googleusercontent.com/a-/ALV-UjXWpVIJwfCjM1c-VdJCn6c2-rM74FmY9wVqorgrGDgaId8,Semua jadi mudah,5,2024-02-09 22:09:13,1,1
dd42ea20-759b-460e-9884-1fd21fc224c1,Muhammad Ar-Royyan,https://play-lh.googleusercontent.com/a-/ALV-UjVzwrLSF6kUtjlUv6e4sTAC54LWkPLiG2zT8bPU3qacaRQ,Menghilangkan 1/2 permasalahan hidup,5,2024-02-09 22:08:52,0,3
7e24348f-cd9a-4c1f-9ebb-3ee5aeb35fc4,Samurai X,https://play-lh.googleusercontent.com/a/ACg8ocKe-QY9W2Uq-Ck12kMcXt7ur6wf_OyfKV1aHlQ6xtrc=mo,Mantap,5,2024-02-09 22:03:29,1,4
b4880ed2-554b-4cc7-97c6-24275c824750,Denni Setiawan,https://play-lh.googleusercontent.com/a/ACg8ocLumFOy3eCliExlqtTKgXkcGqUy3jnqjftiBYJqc75P=mo,Semoga makin baik untuk kedepannya,5,2024-02-09 21:57:50,1,3
cf2e5c27-321a-4d41-aaeb-d56211c7a9a0,suci andriani,https://play-lh.googleusercontent.com/a-/ALV-UjV-IfGLEcyIo4rEq3KNwR9o5Ho2pDJXHgcJcIz2j8THM-A,Mantap sangat membantu sekali,5,2024-02-09 21:57:28,1,4
f8ba3e4c-81c1-4314-baaf-5e6bdfdd9fe5,Muhammad Masruhan,https://play-lh.googleusercontent.com/a-/ALV-UjXVq7hJmYSAFwgZNiYWhV79MUgf_o9x4fChgkF45VIrpAI,Proses cepat,5,2024-02-09 21:56:33,1,8
8955c645-48df-4146-ab82-d984d70df49b,Angga Rusdy,https://play-lh.googleusercontent.com/a/ACg8ocKS1iyn5DPPzL-TESOBL9e-qOujgUHA2069YHTtZSDO=mo,mantap,5,2024-02-09 21:54:59,1,4
c2d598f6-4d8a-45bb-8f6a-f95a04bc567d,Nizar Nurzaman,https://play-lh.googleusercontent.com/a-/ALV-UjWc8Q0g-ds0rWWz7cKQNZOUOdus6la4mIE8vapDGkxZ32c,simple saya suka,5,2024-02-09 21:48:54,1,6
4249a38c-4e82-43a2-9ec6-3acffced5507,Nazar Cell,https://play-lh.googleusercontent.com/a/ACg8ocIol1rsDgquIV_X_44H80IX3X0uVE4cEapsY_8JWk7v=mo,Keren,5,2024-02-09 21:48:39,1,6
8d7066c5-d491-479a-89f6-ed48a96d0b26,Mairan Sajalah,https://play-lh.googleusercontent.com/a/ACg8ocIAL6gyrCzA3iU3O8n4pY9Whwo4BMV-mL2eobts6rm8=mo,üò°,1,2024-02-09 21:44:39,1,0
5dc16162-299d-46b4-8e3d-efbd3c9f91f4,Maz Ibeng,https://play-lh.googleusercontent.com/a-/ALV-UjVXNqqhQqyp1XyvoT4r0I6Rj3gy6k10U5n_5kmoiPhxqA,Mantap,5,2024-02-09 21:42:52,1,4
13996cf4-7cdd-48c1-8614-c7d2c536aff1,Edy Setiyono,https://play-lh.googleusercontent.com/a-/ALV-UjW4lOUuunk7Fo8-orrVxMOdoYCCXk2uKrklOU8nGXCoew,Mantafff ..,5,2024-02-09 21:36:19,1,7
56234a95-9c17-4aaf-9c8d-fdb53daa517f,Indra Prayogo,https://play-lh.googleusercontent.com/a/ACg8ocLqOWRKaR1-yIcpRAprIQWpyeyKX1AhvlZAbJGX__yg=mo,Mantap,5,2024-02-09 21:32:19,1,4
16f02974-ff52-4d34-8282-6ab4b69de880,Muhammad Joddy Alfarizal,https://play-lh.googleusercontent.com/a-/ALV-UjUAgFrshNBdLZ8F95IwL_aCfwTvDO8PWvFDYe1RtFPFd1k,Tidak bisa daftar setelah pengisian data diri mau melanjutkan transaksi gagalüëéüèªüëéüèªüëéüèª,1,2024-02-09 21:25:30,0,5
6ec74112-e135-4646-874c-bf08671c32de,Irwanda Semende,https://play-lh.googleusercontent.com/a-/ALV-UjWFBFTjJGMdJ_m4qIq724R1qNtLdEvyFBUeRi5v0yvQ3pM,"sangat membantu perniagaan, mantap",5,2024-02-09 21:24:48,1,2
8e12c18c-70f5-4dce-9055-18426299aedb,Arya Saloka,https://play-lh.googleusercontent.com/a-/ALV-UjU1UPj9V-ll3Dwkc7vtsJgnQrXX8iUgpgTNsgM-F85AKw,Aku kasi 5 aja walupun baru aku coba,5,2024-02-09 21:21:29,0,8
dde8c7e1-135f-499c-a857-d4aa06bbd872,Arnas Yudi.k,https://play-lh.googleusercontent.com/a-/ALV-UjV5o569HnTE53gagJ5qZgUTF37i63OVYCe8kw03XRlk_nGx,lebih komplit,5,2024-02-09 21:21:26,1,2
e024cffe-dbb5-40fa-8285-7f3f8f05cc56,Su Rahmann,https://play-lh.googleusercontent.com/a/ACg8ocIyM9BRTvgDLU9TdmlPuQaTElb8HqTEiaYwcc_kbJfN=mo,Mudah dan cepat,5,2024-02-09 21:17:18,1,1
4a62b2a7-70da-4c7f-9d14-fb4dac6bac57,Antoni Aruan 80,https://play-lh.googleusercontent.com/a/ACg8ocIUoF5wqarwNU0bm91zPdUn2Fd5V8jQavWXcP-MdNXv=mo,Layanan nya keren BRI,5,2024-02-09 21:17:04,1,3
f158dca9-daee-431f-8219-da75d1d2afea,Rahmanto -,https://play-lh.googleusercontent.com/a-/ALV-UjXIILCu1RlwTBOYlj4bNuZVdGsSzYWD-D0cQ0oJKjn6gyyx,Mantap dan sangat praktis,5,2024-02-09 21:12:07,1,8
e169a53d-0378-4462-aa11-bc373671c0c7,Beni Supriadi,https://play-lh.googleusercontent.com/a-/ALV-UjUcFGXWcrQaQr5F5Oc7FHkxNSx6CugqPOl8NWcNNi3mZa8,Sangat membantu,5,2024-02-09 21:09:51,1,7
9d8536f4-dd94-4768-99c8-50d75ff678bc,Suratno,https://play-lh.googleusercontent.com/a-/ALV-UjUtbKOFSBY9iazatPhOcq4N4KWI1759T-OMjwU-vWUbOw,Sangat mempermudah aktifts,5,2024-02-09 21:09:31,1,1
b91d1628-e00a-412b-a876-fca8fa9337b7,Riyanti,https://play-lh.googleusercontent.com/a/ACg8ocKRWokhql2DJIoEfNlhJ5vzktQXWN5zOnZosd_2U9Yk=mo,Membantu,5,2024-02-09 21:08:27,1,7
c40a811e-1d06-4abe-9618-44c8fea19f91,Emi Wahyuni,https://play-lh.googleusercontent.com/a/ACg8ocJOVIYwDurxn66UlESj2hUyao_BTAUwKef2e36pup-e=mo,"Tolong diperbaiki karena sering eror di menu aktivitas gak bisa dibuka atau dibagikan, trimakasih",4,2024-02-09 21:06:27,0,5
4c328f4e-2385-43a8-b6b6-205b13b5c860,Raka Ardiansyah w,https://play-lh.googleusercontent.com/a-/ALV-UjUcn04cImxHIEyCcGjEDfnSM1G3YUOXv90mROw8h7-zng,Mantap,4,2024-02-09 21:04:45,1,4
f6c30d07-c45a-46a4-b0b1-75f9fd83a6cd,Evhi Lia,https://play-lh.googleusercontent.com/a/ACg8ocK750Ahzf992G_uAJg1va4HjY43uW7sK5LvIweDC_l_=mo,Pemula,4,2024-02-09 20:58:50,1,1
f3e50806-dcf8-499a-ae88-931572bb4852,JP Ponsel,https://play-lh.googleusercontent.com/a/ACg8ocIrgs6qAgSCzJ655Mhf7gakayJ85jBHqLJ0B4j0ePsO=mo,"Setiap transaksi, bukti transfer tidak muncul",3,2024-02-09 20:57:36,0,8
b0630d68-c5e9-4fa3-a2b3-d347bbf7e15e,Tini de Antro,https://play-lh.googleusercontent.com/a-/ALV-UjXohmSqJUg0BcmdODv136TXHzlEJT-BUgHH_BJnGgqabMt6,"Awalnya agak susah utk bikin akun brimo. Lama¬≤ bisa juga. Setelah aktif brimoku, jadi mudah bayar2 apa saja. Thx ya",5,2024-02-09 20:46:32,0,9
7e458dc8-655f-4048-b823-90ab9d60d151,Sukril Pandju,https://play-lh.googleusercontent.com/a-/ALV-UjUPFfS2p41xGXx5fP6UVQ-sAqCASc6Ky2sAURaZ4qyTnw,Mantap,5,2024-02-09 20:43:38,1,4
6ffc862b-1703-482f-95ab-d82cef6e829d,putrei12 Putrei12,https://play-lh.googleusercontent.com/a/ACg8ocJEp4S2a-3qsrXxYEYNi6PCZXDMqDi32n2FZpHYG4iQ=mo,Cek PM gan kalo,5,2024-02-09 20:42:04,0,9
fdea697b-1602-4d42-aed9-454af4c59923,Khasan Udin,https://play-lh.googleusercontent.com/a-/ALV-UjVQjSLzs28aPrY3IRMZ-s67YgZkdtLaoWR4c6_QBwO2nsw,Best,5,2024-02-09 20:37:06,1,7
d1735af4-0eda-4779-8d8b-b0ef97f8689c,Hermansyah bakri Hermansyah,https://play-lh.googleusercontent.com/a/ACg8ocLxfntOUak_uvPHc3aBwSoHqUqLheQUHaT8rYnbYXiY=mo,Bagus,5,2024-02-09 20:34:21,1,0
14f61496-9bf2-489d-826f-3cf7a93f4528,Arya Winata,https://play-lh.googleusercontent.com/a/ACg8ocK6yIfRGCPTbPNotbrgTnAFsEe_8Xaw7jaVnQO_PjGX=mo,Mantap,5,2024-02-09 20:28:55,1,4
03d902c5-b697-42b4-b970-17beee265772,Achmad Naily,https://play-lh.googleusercontent.com/a/ACg8ocKshv3ARrH64mMiAxyhy_Cf374spjtMeyfZWA9Qw-uU=mo,Sangat mudah dioprasikan,5,2024-02-09 20:27:34,1,1
785cc2c7-0709-4809-9b85-1be4618bd85e,Jimmy Mangandar,https://play-lh.googleusercontent.com/a-/ALV-UjVAo8M2geRdAy6NBYKKSnR7MpFx5f_ikGAhzmFayWgFJQ,"Gak jelas, keluar mulu",1,2024-02-09 20:22:56,0,6
f8478591-98e4-4762-86c3-b9bce2e1ca98,Veronika Anggrek,https://play-lh.googleusercontent.com/a/ACg8ocJMKM0zh3kj6X1jprZAihMS9zyi1iuD2U7aLzaceqFq=mo,Seruuuu buangattt! Apa¬≤ muda loh ya‚ú®üí´üëè,5,2024-02-09 20:18:12,1,2
aae6217b-acd2-40fc-af07-165d366eb651,sekha tafta islakha,https://play-lh.googleusercontent.com/a-/ALV-UjUgSHo4sjONYy2n-6WJlUFmbzZATF2CsQTOUF52iMNAUTA,Very Good,5,2024-02-09 20:15:47,1,1
fdff62b4-dfbc-4ae1-b85a-cc9fd680b1f6,Samosir Wisata,https://play-lh.googleusercontent.com/a/ACg8ocLr_0ttHBoVMQWnj0lfuSlT6CeZZndLkLAZFrk_KaU7=mo,Okelah,5,2024-02-09 20:14:52,1,5
a07d9477-b66b-42af-bc81-8d5290e5f6ff,Nasir CupCup,https://play-lh.googleusercontent.com/a/ACg8ocJN9PRSwFbOJdGL_oOXVnzdcOXLfjS1wwAA3IrPwcOa=mo,Tombol lanjutkan di fitur ganti password tidak bisa ditekan tolong diperbaiki,1,2024-02-09 20:12:02,0,6
7f9347d7-5e73-4967-a246-1750699c9951,Gilang Prakarsa,https://play-lh.googleusercontent.com/a/ACg8ocIFavNGB9I_sOnBn8Q791EMiHnMP7Ppx3ZCLgBBjMPn=mo,Nice üëç,5,2024-02-09 20:11:20,1,6
8a2bbdba-7420-41bc-83fe-1264b45ce167,Johana Laudiun,https://play-lh.googleusercontent.com/a/ACg8ocIhmVhhIGHxqmzYp6qtfVXLeZ3UdIfWSvW38T0gjVbU=mo,Sangat membantu.. Dengan cepat bertransaksi.. Tidak ribet,5,2024-02-09 20:06:20,1,1
27fd5020-37e4-43a9-9d74-c7b4acba1070,ayuhung,https://play-lh.googleusercontent.com/a-/ALV-UjVuk10Ze3MAoNmwkDrtzrQtUZoOdCMyz8fHnayuu2LFtw,Mantap,5,2024-02-09 20:03:42,1,4
d20ecb65-a54f-44e0-9fe8-42cffe6c974a,Panjul Cahjogja,https://play-lh.googleusercontent.com/a/ACg8ocL4hKkz4NzjZWRodX6hCQI4qwpPJ2yxVqbJWFccqFEn=mo,Mau masuk udh punya rekening tapi d suruh masuk kode referal..gak tau kodenya,1,2024-02-09 19:56:20,0,5
ee590603-85c1-4f2c-9d24-b304ea331c0d,Kang Kojeck,https://play-lh.googleusercontent.com/a-/ALV-UjXaXkrWQwCpx-Z2XcQgaafEZb-4K4MWzSt7P7Abo1fnZwA,"Sangat membantu dan memudahkan kami,, trmksh bri.",5,2024-02-09 19:53:13,1,0
9811a254-b4ea-4357-a36f-a0fd0cdc5a46,Zafar Sidiq,https://play-lh.googleusercontent.com/a-/ALV-UjXV3zzgwwKgmklggQD9AsgKAoF0TdfooGNZOyfueEyLcQ,"Seginimah udh bagus, tapi harus tetap selalu perbaikan apa yg menjadi kekurangan.",5,2024-02-09 19:52:07,1,2
93e89594-9665-42d5-8706-6d5cff52887e,Kristianbarton42 Oficiall,https://play-lh.googleusercontent.com/a-/ALV-UjUmOCwjgyeJ7um04pmxKgxeCo6Gi01XPbYCP8CbehyjBA,Sering eror,4,2024-02-09 19:50:16,0,6
24c64c82-d120-42d0-8c6e-357e113d235c,Mas Bebek,https://play-lh.googleusercontent.com/a/ACg8ocKqcvZoD8L76aqvbg1SkNQNLRWuKClPV14TtY46F5YC=mo,"Aplikasi gak jelas,tinggal nunggu kode otp ke SMS aja gak bisa nyesel gw download",1,2024-02-09 19:45:55,0,7
eefa7001-a90a-4fd2-99fb-fea4ab3060ff,Dindin Akhirudin,https://play-lh.googleusercontent.com/a/ACg8ocLrnHOhSCKhjfxpkJjNjM8kbWqNlx5dyrk0Kp2KH1qb=mo,Sangat membantu,5,2024-02-09 19:44:58,1,7
ea4e1f64-cb77-4aaf-b2f2-dcde3d18ca42,Eli Tel,https://play-lh.googleusercontent.com/a/ACg8ocKpY8MzJoR1QeQTx5H4y_mzQax4DVfqfEIfTm7LisYA=mo,Sangat membantu,5,2024-02-09 19:44:00,1,7
b5c21eac-a927-4c6b-907b-5dbfa98253b0,Andri Rafli,https://play-lh.googleusercontent.com/a/ACg8ocIMEG8ZeGsBoTeCO_eEc5egD-i3P7xdsbcagbYBiPH5=mo,Bagus membantu,5,2024-02-09 19:39:19,1,0
a1bb12e0-0360-46d8-902d-ba5c3c0885f9,Farida Dwi Saputri,https://play-lh.googleusercontent.com/a-/ALV-UjUokYnj7x0MwSilJE4vlZJKJIniLngne0hOoVRKqfND2w,Bagus,5,2024-02-09 19:36:18,1,0
a5656845-194a-427f-bef3-8d9a05321c75,Dedi Hidayatulloh,https://play-lh.googleusercontent.com/a/ACg8ocI_aAK-KZaDQkWQ0vx0FEWznmYMoT9HxkEv2fqhmf3e=mo,"Semenjak update icon dompet digetalnya gak ada, jadi mau transfer shoopepay dana gak bisa",4,2024-02-09 19:34:41,0,8
c68083e1-675a-400c-9d6f-a0ee8fa1bbbc,nasir Umar,https://play-lh.googleusercontent.com/a-/ALV-UjXWw-Ecc_SfvHSAkQAmgbXUMmpo_ZuIFyc1XRV8a7e75Q,Beri info penting lewat aplikasi ini,3,2024-02-09 19:34:11,0,1
6cbf3e94-f5a3-4c3a-9a95-e741c2f587ac,Supriandi Herdani,https://play-lh.googleusercontent.com/a-/ALV-UjUmbGYXhkgQU8xx2dOe0K8Ff_pGWPvincH19ccOdDWUGQ,Jadi malas pake brimo soalnya transfer ke bank bni dari tgl 6 smpai sekarang masih proses terus jadi kecewa sama brimo,1,2024-02-09 19:31:05,0,8
4502bf25-38a9-49d1-9830-4af6c9147c5d,gun 86,https://play-lh.googleusercontent.com/a-/ALV-UjXfx1DpIvt_eB6Nc498GxJqsCniHiF1DElgkU2ujXE09So,good luck,5,2024-02-09 19:30:05,1,5
35e91dd5-833f-49ef-851e-288c442766e5,ruka ni,https://play-lh.googleusercontent.com/a-/ALV-UjUkZIyfeeb6KfMBxi7HkNdtuWktQkYTfsU61wkcqI_yoIg,Memudahkan,5,2024-02-09 19:27:46,1,1
aaa591a8-2dc6-4fbd-88c9-ce05618bf454,Ferdy Sambo,https://play-lh.googleusercontent.com/a/ACg8ocK5LsVBY0NPQjheiVzkkfK7h03Aj90Sw5CZpRoO2tU3=mo,Lemott jelek,1,2024-02-09 19:13:28,0,6
53bc8b0d-12c0-4be5-bcd8-aa512e6d1e47,M NUR RAMADHANI.N,https://play-lh.googleusercontent.com/a-/ALV-UjU7g8C5DxvGggEsuorrD86U2Z95aV46iBglOavLHrzHqA,Okee mantap,5,2024-02-09 19:13:11,1,4
045967b9-9f91-40ea-8cf8-aaa9bac5072f,Mazzeh,https://play-lh.googleusercontent.com/a/ACg8ocJ4Vh_gRvpZ-36ABd_OTm3AtnHWcm7JfCepal8FI_tt=mo,Mantaffff,5,2024-02-09 19:13:07,1,6
b39e0a05-e910-4ee4-bd83-7d9aa2e37d50,Mbah Tres Depo,https://play-lh.googleusercontent.com/a-/ALV-UjUWPiyVmgtOUsjV3Bzm34cLpCjJBlgbeWYNqjH1rh9UKw,Aplikasi sangat bagus dan membantu üëç,5,2024-02-09 19:13:03,1,0
0eea6a97-0a82-45bc-bdbf-9a8d5039283e,Aldi Zanuar,https://play-lh.googleusercontent.com/a-/ALV-UjU-dz0_jHqS8gMIdYNWRbrv3eAiWMOHPC6BM_UzdsH4rc0,Ok,5,2024-02-09 19:10:03,1,0
971f7c69-6401-496d-8a18-2bdf171a0655,Delta Irawan,https://play-lh.googleusercontent.com/a/ACg8ocI8E2udqgj9xd_p50VEl8Y0CDqHBO-S8Sci_1AEvr2N=mo,Mantap,5,2024-02-09 19:08:54,1,4
a3b45392-3333-4670-8ad1-579b0950af60,Hendrik Andrean,https://play-lh.googleusercontent.com/a-/ALV-UjVC1cYYIKl9JDwSnGrto_1sgjwaYvZHsyC9hFh1dKA5HKY,Brimo memudah segala transaksi üëçüëçüòä,5,2024-02-09 19:07:53,1,1
7f0f04a4-7cf3-498c-aea8-6b5b181fcb96,Venti Setia,https://play-lh.googleusercontent.com/a/ACg8ocJb4RTEz_JxlM-2aJrgfk6cGO3DNzaE48w72snZq4xj=mo,Aplikasi banyak kegunaannya,4,2024-02-09 19:07:35,0,6
721730a1-342d-4968-897f-7f5ac05223f1,Andi Irwansyah,https://play-lh.googleusercontent.com/a-/ALV-UjXDqour3oY8AXp07JNlj8dATHGGcFnr5a3kdwzZM10BuXE,Segalanya lebih gampang,5,2024-02-09 19:06:34,1,0
15db690d-fbf4-482e-9626-c29d7ed5c771,rifda elsa,https://play-lh.googleusercontent.com/a-/ALV-UjVkA7gS1T25T7J9CofsHFQ3_fCuV-eX281uV67vTq1KrUk,mantap,5,2024-02-09 19:03:05,1,4
84ea4ba5-5115-4153-9c4a-ca797804871a,Superhero Kesiangan,https://play-lh.googleusercontent.com/a-/ALV-UjUw_i_PqIZ6ozDWGwl78vgefjA_z6QpPcETD9A8xr65kw,Lumayan... Tapi saldo 50 harus di relakan üòÜ,5,2024-02-09 18:58:58,1,2
edd96d39-7bba-4ddf-9118-fa295a418b77,Denny Susandy,https://play-lh.googleusercontent.com/a-/ALV-UjXUQWkot5xT3nChkR6YGn6fgwmud-bZ1DuL8wpBhymHLQ,Fast respon pengiriman secepatnya recommend,5,2024-02-09 18:44:20,0,7
ad883cd4-7289-4426-92b9-45c91056f4ac,kusno wibowo,https://play-lh.googleusercontent.com/a/ACg8ocL87sZEMQF8Q-eGPiCQOr33LbeweAvNM00tWLzOifE0=mo,Sangat membantu.,5,2024-02-09 18:42:06,1,7
03a2a77f-70f4-48d2-9c38-09bc1ff31fc7,Yudi Susanto,https://play-lh.googleusercontent.com/a-/ALV-UjVF2D39XEjj_SYVR9cg9jXSbD9kxwy5CHlpKLll1Bj0JN4,Makin Jelek Sering Error lagi..aplikasi sering keluar sendiri...ngecek notif nggak bisa..nggak kaya dulu aplikasi sering error gangguan,1,2024-02-09 18:41:06,0,6
73e19403-da54-4ebc-acd6-71e314cdb699,Cecep Kurniawan,https://play-lh.googleusercontent.com/a-/ALV-UjVXH3YRabTVmTvs8M8I7qC8nsbZSIr5qQ6-DU3Sxtf-ImI,"Tolong dong tingkatkan untuk pengajuan pengaduan setor tunai yang error, struk sudah keluar tapi saldo tidak masuk, masa iyah nasabah yang rugi yang harusnya pihak BRI yang bertanggung jawab, malaj nasabah harus nunggu 14 hari agar saldo masuk, gimana pula itu, ibarat yang salah bri sistem nya malah nasabah juga yang kena dampaknya, apalagi kalo dana tersebut darurat malah nunggu 14 hari kan gak mungkin, sekali lagi tolong perbaiki kinerja dalam proses pengajuan pengaduan agar di proses cepat",1,2024-02-09 18:40:51,0,8
81a33f67-2e93-4f3a-9adb-82cc33109156,joko waluyo,https://play-lh.googleusercontent.com/a-/ALV-UjVL4ETLg-ZPpn8aO6D-ybCjoWE7mkHl_zsQNAegKxuPig,mantappp,5,2024-02-09 18:31:39,1,6
4dad7887-4627-439f-9b0b-262b9c8496b8,LifeGoesOn Lunedy,https://play-lh.googleusercontent.com/a-/ALV-UjXS_Y3p5ZoEikhf2Uh7lVWCjqQfowpAbhGG3_Hwvo3Ztw,mudah dan cepat,5,2024-02-09 18:29:47,1,1
81a70ba3-99b2-4fad-b0fe-7de2aef5714b,Yanever Ontoni,https://play-lh.googleusercontent.com/a-/ALV-UjWlw42qN384wExCUczrRaKI2fDkYfsBVvesaiJNKJdBbQ,Mantap dee pokonya pakai brimo,4,2024-02-09 18:26:03,1,8
9b7c2032-0ce6-479e-a4f3-6102fbdb4cf5,Aditiya Rifkihamizan,https://play-lh.googleusercontent.com/a/ACg8ocJzkWB1LS2wPueLqmn9NG3rxxfpJfmzu47FlSBbNcWQ=mo,Mantap,5,2024-02-09 18:24:46,1,4
ec16b539-a474-40ea-a27b-f6715f380dac,RARA aurora,https://play-lh.googleusercontent.com/a-/ALV-UjU5wsyN3LBaXWOqL5TbzHMRJTtGGoqPFm2oDnrdl1qpaKw,Sangat membantu,5,2024-02-09 18:22:52,1,7
0c1cc502-29d7-4100-82a3-293881b63ea4,Nawra Munawwarah,https://play-lh.googleusercontent.com/a/ACg8ocLp2oO1MeQEA2GoC5cNUFsplXRp7-OCjV3PUkiltL5D=mo,Mudah di operasikan,5,2024-02-09 18:13:30,1,8
f0078468-a11c-4c9a-8d39-6edf982af263,Aplonia Lorita Leki,https://play-lh.googleusercontent.com/a-/ALV-UjVt3i9Vk9wYhNh7qiRUsdej-OhyT--oNcegmhwQt2GUTrg,Sangat mantap aplikasinya,5,2024-02-09 18:03:06,1,4
54d0d53b-16c8-4330-96e5-69556a08f5bb,Japung Wayka,https://play-lh.googleusercontent.com/a-/ALV-UjVpliI9VSc9PKDRTjEoPfBAbN2xXRkvqU6avVlGRRTbkxc,Sangat baik,5,2024-02-09 17:59:49,1,0
c7b11ecb-7b84-479d-8409-439185476b1c,Mamun Firdaus,https://play-lh.googleusercontent.com/a-/ALV-UjXuiZZhOSDqvhtiqtQUfWiHegmeIWkewDJrdslyogs-RMo,bagus,5,2024-02-09 17:59:47,1,0
b5d6f340-ced0-4a91-a8ee-c3189b7c6521,Lee Bae,https://play-lh.googleusercontent.com/a/ACg8ocILnTkyBjVe2JkCiBgy3m7YX86QydhQ7S8fkPd8YZu1=mo,kenapa saya tidak bisa verifikasi foto ktp saya,1,2024-02-09 17:56:51,0,2
ba8aec06-7751-4fd0-b69d-573454461761,Ridho Idoy,https://play-lh.googleusercontent.com/a/ACg8ocKmOCY9Y_q9J2IETqrfGp2tslj_-MLqLXFaxvyoT3aO=mo,Mantap,5,2024-02-09 17:53:20,1,4
3f48dd9a-cba1-40b5-a06d-2154cbff6e9a,Elga Yudha,https://play-lh.googleusercontent.com/a-/ALV-UjXbCZ5VN77lSzmRlzV2M7dws9bZ19nVB5D3fuvW27BGZw,Puas,4,2024-02-09 17:51:24,1,1
c4ff4018-0ecb-47df-9942-434662c7ba55,Clara Ara,https://play-lh.googleusercontent.com/a/ACg8ocJ-lExYzx09U-0t14FtpWG4x34XS_W7opYyA0GNvBAj=mo,Sangat membantu terimakasih,5,2024-02-09 17:50:22,1,5
1ccaab40-3ada-4323-8ab4-efc31d58da06,M. Husain Mafu ridlo,https://play-lh.googleusercontent.com/a-/ALV-UjV1BMjFUgtEf-RfDsrKBJcFvhjU67Cwxdxkfl2GxHG__aY,Bagus transaksi cepat,5,2024-02-09 17:49:52,1,1
69a04271-0333-47fe-9291-8120518e76d3,komar madugo,https://play-lh.googleusercontent.com/a/ACg8ocJc0xuwWa90WaHZBBcscPyzSHoMaFWNnRCq4LM0Ll48=mo,Terus tingkatkan,5,2024-02-09 17:42:46,1,3
5e04d38c-383b-44a1-9e7f-b1edc01d6941,Bayu Andrian,https://play-lh.googleusercontent.com/a/ACg8ocIPudZtylE1MTbyEQ8kRhGiixf_H8xQJni3RKcMxhh6=mo,mantap,5,2024-02-09 17:41:52,1,4
453eb5c2-f669-429d-8c63-7cf68482ce29,Ulva Amalia,https://play-lh.googleusercontent.com/a/ACg8ocLMvJMSpTxEm5m4JJQwBrcL9QmMxnLRGLXxEpd8J0Dm=mo,Like this,5,2024-02-09 17:40:56,0,2
72f16f6a-9cdb-496a-bf08-76ee92700745,Adam Hawa,https://play-lh.googleusercontent.com/a/ACg8ocLbf5DcgzxdT0NwDR2XAq6LizxP6HA3W5ec-YstYCjX=mo,masyallah keren banget,5,2024-02-09 17:40:50,1,6
2676179e-4499-4ea0-b2d8-5d8d076d05de,Muhammad ArdiNSyah,https://play-lh.googleusercontent.com/a-/ALV-UjUimnN8Y_QDRs_Jm5VGZNPOawzGo8uwDxGVFzS4P4eDDg,Mayan lah,4,2024-02-09 17:38:01,1,8
61573e0d-b6d5-4d50-b18c-e715ee17c0ee,Abdul Wahid,https://play-lh.googleusercontent.com/a/ACg8ocJUoWJpqm2uhDDyY5bpadmvWkEua_GQNkOdpRfUtbTR=mo,Sudah beberapa bulan ini akunku nggak bisa dibuka,1,2024-02-09 17:36:50,0,1
a2e77108-19ad-4e14-84ba-5ddfee409288,Beton Keras,https://play-lh.googleusercontent.com/a/ACg8ocKhYkMNj79V4QsMRJk9Jq2AiuKk5Xy3LmEAH0uzcxTW=mo,"Kecewa sama bank BRI, dana saya termutasi sendiri ke pihak MDB setelah saya cari tau di internet ternyata itu dari asuransi ternyata bnyak juga yg mengalami hal yang sama seperti saya, beberapa Minggu lalu emang ada pihak yg menelpon dgn atas nama asuransi tapi kita di arahkan harus ngomong ""iya"" atau ""setuju"" oleh pihak asuransi tanpa tau apapun dri maksud tersebut, apakah BRI melakukan kerja sama dgn pihak asuransi tersebut, kalo emang iya kenapa tidak ada pemberitahuan untuk penarikan saldo",1,2024-02-09 17:32:55,0,8
aba75d4f-9047-491a-8cb8-31421e8100a3,Topik Liar,https://play-lh.googleusercontent.com/a/ACg8ocL7AYbBGQZ42lBx1-colSwtUHsD5DMRBm6rhiRV66mB=mo,Sangat baik.dan memudahkan transaksi,5,2024-02-09 17:25:48,1,3
5b22e681-cb23-44ad-b672-5c61266deb06,Santoso Soeparno,https://play-lh.googleusercontent.com/a/ACg8ocI0sl_4tcp1exDug1j_zbX0XVJ5lLG0gZleMai5t07Z=mo,Semua jadi mudah n cepat,5,2024-02-09 17:20:13,1,1
133e99a7-190f-4188-9dea-9256e0c10f29,Tapanuli Utara 0340,https://play-lh.googleusercontent.com/a-/ALV-UjXTSKvdhBG2VQyUzPnYOOODh4Qg3iJ_y6se9v_apwpI9g,"Aplikasi brimo secara keseluruhan udah mantap, transaksi super cepat tidak pernah lemot Tapi sejak update icon menu nya kurang enak di pandang mata Mudah mudahan aplikasi brimo terlebih pada icon menu nya cepat di update Lebih suka yang icon menu yang lama cerah Bank BRI selalu di hati.",5,2024-02-09 17:19:00,1,3
0674b09c-f190-48fa-aa3c-547e5a8a7e89,Nandha Koko,https://play-lh.googleusercontent.com/a-/ALV-UjV8lo4RV5ej3Cm1ar79P9E2fQel4eoILDWohyPhpQid9zM,Mantap,5,2024-02-09 17:14:46,1,4
ba65cf9c-f9e9-4735-826b-efab61cbfbba,Supriadi Supriadi,https://play-lh.googleusercontent.com/a/ACg8ocLJ6hCvjsucFSUS1PCXlh34DXFil4hCLDQ7Ndd79gJh=mo,Sangat membantu,5,2024-02-09 17:13:53,1,7
10916cc5-4306-442d-9251-d9752304ac93,Kriston Butarbutar,https://play-lh.googleusercontent.com/a/ACg8ocJ9rH17gG3vLd_TALP4mnKYhNWkmzgzQ-nlTg3C6Y_S=mo,Good,5,2024-02-09 17:10:53,1,6
e70ae51c-750b-47ea-9a6b-450a5c31c23f,Rosa Santa,https://play-lh.googleusercontent.com/a/ACg8ocLm_KMXANKOsOhuCZ0kNTJTzCfeHvjDY7HSnvGvrUSF=mo,Sangat membatu,5,2024-02-09 17:03:41,1,8
bb1eaf46-86d6-40f2-bf9b-8eaa24152a9f,Wiwik Nawitri,https://play-lh.googleusercontent.com/a/ACg8ocLqoZMGEFI4-lnTa5r6dwtfTf5TBHhgx0i5hwe82-Tr=mo,"Cepat,dlm 1 tempat,smua bisa transfer tanpa perlu kemana mana",4,2024-02-09 17:02:40,0,8
0be40fde-151d-4e69-9836-b8aa346b9ac0,Muh Farel,https://play-lh.googleusercontent.com/a/ACg8ocKlNMckhatdre2jHcljennSXhmYaDnBLpm4mYPqaaBF=mo,Sangat puas.,5,2024-02-09 16:57:00,1,1
571b8a1b-18f3-4d0d-bc52-558e48d3add5,hasanudin iyong,https://play-lh.googleusercontent.com/a/ACg8ocKWjBkjzW-iZ8Y8MOuT144jalV_uxSq1A7dWd08WBZK=mo,ok,5,2024-02-09 16:55:41,1,0
dd3e9d00-e799-4fcf-8f8e-2f096e409f53,ŸÑÿ≥ŸÖŸä ŸÖŸÜŸäÿ±,https://play-lh.googleusercontent.com/a/ACg8ocLX4ipEw_-QvNc7zT-FKxrbPKXyNl4gPL1D08QK2kji=mo,"Sangat puas, mudah",5,2024-02-09 16:49:45,1,1
ec613cab-172e-4295-a095-3914cccb5e99,idam idham (Idamidham13),https://play-lh.googleusercontent.com/a-/ALV-UjU5QnBITmcpYWJ1ieAbMxyXXNY0bnurphhyJLP4fmJG9CM,Sangat membantu,5,2024-02-09 16:46:05,1,7
86a4f4b7-3354-4e4b-b08c-b3ba316ff2c5,May Saroh,https://play-lh.googleusercontent.com/a/ACg8ocJsoqrKuzx-QHxVF1it9NaJojZp8G1xdkMikYT-EQb5=mo,trimakasi brimo sudah membantu transaksi sayaü§ó,5,2024-02-09 16:43:55,1,5
e32d00e9-7457-432f-8eb8-6fd2cc27c119,Agung Oim,https://play-lh.googleusercontent.com/a-/ALV-UjWcK49g_0f8zSZ6RK7Wj-P6pRN-Xux77CVZNRWHF7TcPGo,Mantap,5,2024-02-09 16:38:53,1,4
084b75fc-4fd2-4db8-a641-5ebfb2d52728,Yudie Yudie,https://play-lh.googleusercontent.com/a/ACg8ocJFBJ0Gn6MLHjj8Xxu-Q7wi2JNPqIawrHMQ5nahhR-C=mo,Ok,5,2024-02-09 16:33:36,1,0
74111468-4979-462c-bc26-58a9eb1f316d,Raja Wali servis,https://play-lh.googleusercontent.com/a-/ALV-UjXGVBAm5v5W1tpXMJN1F7yyI13EzJinJQjLtdnSt4s3gMQ,Simpel dan mudah,5,2024-02-09 16:29:30,1,1
f384df06-fe51-41b7-9759-6f40aef19084,Tatta Boyka,https://play-lh.googleusercontent.com/a/ACg8ocIA7m4y-36Up-vlV_uZIZN6vheOMUY5sThfB9BUrebT=mo,sangat mudah,5,2024-02-09 16:29:17,1,1
43d43d9c-c879-4faa-bff9-8c25724e61eb,Edy Ikwan,https://play-lh.googleusercontent.com/a/ACg8ocJysHFNhyqmhIeA5Z_bOlLNZbbRZHzgXc1vnG-fJCpL=mo,Membantu dalam bertransaksi,5,2024-02-09 16:23:03,1,7
f1c43c2a-7ed2-4840-b65a-7291529cf438,Awan Mendunk,https://play-lh.googleusercontent.com/a/ACg8ocKU2TSj-GN3I96ejUkV57K7HoGlsr32fU170mOYg6DD=mo,"Min 25k, ngga bisa di rp.0/10k min saldo",1,2024-02-09 16:20:38,0,8
1b0e1240-6c8a-4c81-81c9-181cd727c649,Fathur Rezky,https://play-lh.googleusercontent.com/a/ACg8ocIeMvI2_QErz2Fo92mZOBr_TW1Z74wdHmf-HRyAlfzC=mo,okee sangat Baik,5,2024-02-09 16:15:31,1,4
7521a71f-e59b-4001-9070-a5fa458aca78,Agung Setia Budi,https://play-lh.googleusercontent.com/a/ACg8ocIoP-nIq71d_No3jttq-dx06fFsE3qBIOCPXN3XB7Zm=mo,Siip,5,2024-02-09 16:00:28,1,7
b6806315-4089-4a51-90d1-d6eed4e6faa2,Afif Dkt,https://play-lh.googleusercontent.com/a-/ALV-UjV5mbMuAt2ZiYXjegH1a7L_zWSxmrJFipmA6IrHV4RNDA,"Gwe bingung co, nama rek udah bener, pasword juga udah bener malah kagak bisa login üòÇ",3,2024-02-09 15:55:56,0,4
0531c6de-d993-4943-9387-b711ece85d39,Abimanyu,https://play-lh.googleusercontent.com/a/ACg8ocIeFZ_px2ktzn2OkaUq2Sdu-yJhS0PUw0_Qcby1SioY=mo,Mudah cepat dan aman,5,2024-02-09 15:54:23,1,1
cabdfd8b-6fcf-4dd8-aa4a-b1f75b42cff0,Likah Likah,https://play-lh.googleusercontent.com/a/ACg8ocIbRghzMka-gjIJ3_tfdFPJ9zvrNh6m2FTlNKTKOH3f=mo,"Baru mulai menggunakan, smg selalu lancar",4,2024-02-09 15:53:38,1,8
2cc748d0-cd4c-4cdc-a8b0-e3db47919652,ÿ®Ÿà ÿ¨Ÿäÿ≥ ÿ©,https://play-lh.googleusercontent.com/a-/ALV-UjUh02vgeLS34OM0MHu4sEm8mrwLXi7j1H2mZ01Es7dyvzY,Bagus,4,2024-02-09 15:53:32,1,0
87fab942-c58a-400a-863c-fc8dea330746,Susianto Aja,https://play-lh.googleusercontent.com/a-/ALV-UjUs7xNvqH-s-_ITEoUzxTlsI76Zbdc32Ws5ApBcWcWsv7Q,Baru tau tentang ini,5,2024-02-09 15:40:51,1,0
918965dc-9eaa-4ad5-bf27-f88d51478ed3,DEDI AFRIZAL,https://play-lh.googleusercontent.com/a/ACg8ocLiyP_4C3O8ZjvG-iFAYKg6SZcpaviXSup6tRIcRVEF=mo,"Kasih bintang 4 dulu,baru aku pengguna baru...",4,2024-02-09 15:39:00,1,3
8ec03ea4-48bc-4115-b42a-18de114a19fd,Jaka joko,https://play-lh.googleusercontent.com/a-/ALV-UjXCFIpYUG7JphlKmlOscpsTkvgIA2MuyfktFFH00RGczY0,"Setelah update malah gak bisa login.. terdapat kode RUHE ...!! malah saya lagi di luar negeri, menggunakan roaming data nyedot pulsa banyak banget",1,2024-02-09 15:36:46,0,8
9b5a9422-aff2-481e-9bfc-f0e62a669cea,Toleng Tong,https://play-lh.googleusercontent.com/a/ACg8ocJPVbDqvSWuTFieMa4y1lBdixcpB6UrU5t-iLnJwJ-O=mo,Saya sangat merasa senang dengan adny apk bri mo.tp trk tunai jd lebih mudah üëçüëçüëçüëç,5,2024-02-09 15:31:53,1,3
326a63c6-e559-454d-8405-a8bb8d9e00eb,Abdul Tomi Tomi,https://play-lh.googleusercontent.com/a/ACg8ocI0DbgVXSbO0Dwko4eBn4S5VyxWF8Khll3WkjrM4Rp0=mo,Danausaja Peternakam,5,2024-02-09 15:27:08,1,0
4ccf3a68-d404-41cd-97df-46853bae4d41,Arjun Arkhan Indra,https://play-lh.googleusercontent.com/a-/ALV-UjUi_CynWKzNjI6m7xXUconqpJzFKnIQFnbC6DbRIM4Xa54,Kenapa login ke akun sendiri tidak bisa,5,2024-02-09 15:26:29,0,4
d6515ff7-87cb-42de-92e7-cd22c8e9f6ee,HERU JAROT SEGA,https://play-lh.googleusercontent.com/a-/ALV-UjUEXyjvuv0F53dtKHMhuI6H1-LItQFQmgt7Fq5E8EN9W80,Aplikasi cukup membantu...disaat buruknya kinerja kartu ATM bri yang sering tdk bisa di gunakan..,4,2024-02-09 15:21:42,0,3
8ea56fce-c2f0-4bbf-8cb0-f1212f4ca9ea,Digion Lambang,https://play-lh.googleusercontent.com/a/ACg8ocK1H4ALiu6KqJRsca4Sf8yTFX96vAcMDPJnXdyeZJlI=mo,Mantap,5,2024-02-09 15:21:24,1,4
15436cec-9160-41f0-9102-9354cdf1ff0a,Adih Gultom,https://play-lh.googleusercontent.com/a/ACg8ocJKYy9wuQhlT1Mmk0xPA_W_QIS5UgPnAm-yvLJrmd1b=mo,Top,5,2024-02-09 15:16:41,1,0
2b47c0f6-a2c3-4e09-a5f3-8a1bfa5d121a,Trisna Iswanto,https://play-lh.googleusercontent.com/a-/ALV-UjUIzaPH-1Tn__k50jYXLSua0eXnAlWtL9SUo8HtCM3F03M,mantap,5,2024-02-09 15:13:34,1,4
52190592-5b88-48ad-b798-94f8fd00b536,harus niwanti,https://play-lh.googleusercontent.com/a-/ALV-UjV6giO5B8IM4cHrFo8VvQeuM2kB-Nk6g21p26eKZ5embzM,Bagus,5,2024-02-09 15:12:49,1,0
8ab87402-7052-413a-b396-bd0ee9a83b65,ahmad wahyu,https://play-lh.googleusercontent.com/a-/ALV-UjXN3XgeCApHaxniQxqPmY-UQfzAhIv4qnnzqknwoIuvaLQ,Bagus sangat membantu,5,2024-02-09 15:05:18,1,0
55d7f15c-f2e0-4439-b8ad-8fc1e41b9fc6,Andi Pasker,https://play-lh.googleusercontent.com/a/ACg8ocIAjjIApHGKzMJ8tc74yk49GORR93tnS6BEvBx5iTVt=mo,"Saya pengguna baru,jdi kasih bintang 3 dulu,semoga bisa di gunakan,knpa nomor tlfon hak bisa di daftar",3,2024-02-09 15:02:58,0,5
12a74203-d2aa-4f1e-ac9e-42fd16c00d3d,Par Siti,https://play-lh.googleusercontent.com/a-/ALV-UjUmOA4RKAXM3cGp68Hnic8dkma244gigo8AKYtgLj2c-w,Sangat mbantu,5,2024-02-09 15:02:56,1,0
524971fc-c0e8-4556-8b6d-d1af1d5b5ab6,muhammad reza,https://play-lh.googleusercontent.com/a/ACg8ocIuvozQrsNgO66TS3yfGsuEpJdPxcRi2WibvC-9iLPI=mo,"Tolong bikin pinjaman 10jt ada, saya mau pinjam uang 10jt untuk pulang kampung kok gk ada, tolong dibikin pinjaman 10jt langsung kalian terima",2,2024-02-09 15:02:45,0,5
9d1bf4f1-d457-4fb0-b286-c0683f2c3682,R Yusuf,https://play-lh.googleusercontent.com/a-/ALV-UjUIz_8vaE2Odr18j7o0Fe_mR7bLOV8jF7zF3-d0QHwSy4Q,Bagus,5,2024-02-09 14:59:11,1,0
fdd5234e-f69d-4720-988c-c98915e0c6cc,SDN 004 BONTANG SELATAN,https://play-lh.googleusercontent.com/a-/ALV-UjXdti3cQXt-Kv1cxyY-N-yzMqc2JhkXIOsXxaXMbUILTg4,mantap,5,2024-02-09 14:56:37,1,4
55ebb196-7448-4cd9-834d-e84d1ca95d97,Fikry Putra Pratama,https://play-lh.googleusercontent.com/a/ACg8ocLtVam71Jw7Ne-q12lRKUb97KzZPKX0lNzG6k8VMCuE=mo,"LG BU MALAH LAMA BI FAST NYA, PADAHAL UDH TF UDH KESEDOT",2,2024-02-09 14:55:18,0,8
e403f9e9-25da-4d91-ada5-c6aab192cb6b,Intan,https://play-lh.googleusercontent.com/a/ACg8ocIBx07V-GI6tJxPm0yw2WpkuxXzvAFKYiZNsZNdnJVq=mo,sangat bagus sekali bromo,5,2024-02-09 14:45:58,1,2
dac8c25e-2979-494b-86c4-254ae434b2d2,Muhammad Ikmal,https://play-lh.googleusercontent.com/a-/ALV-UjVH4RUZbXpPL07OsqQTS7-lJdZep_tcCLwRcw8MJXjqLds,Simple dan mantap,5,2024-02-09 14:42:05,1,6
57111f78-75a7-4fe6-aa96-bd98d2ef3ef7,Tia Intan,https://play-lh.googleusercontent.com/a/ACg8ocJGl20uLxOtYhhStC32UQF4SGGJZeuSpItp4Q9icofZ=mo,Sangat membantu,5,2024-02-09 14:36:00,1,7
4c58c78a-e8bf-41b9-891b-a4582e3c2c4c,Nazril M4zzeh,https://play-lh.googleusercontent.com/a/ACg8ocKV85N8WH8GPGIBqSm319qMq2LxZ2uEvzLug4DHHKFN=mo,Sangat bagus buat hal¬≤ transaksi,5,2024-02-09 14:22:47,1,8
e6dfaf78-e36e-45bc-aa03-2a7c543b3259,Angga Maolana,https://play-lh.googleusercontent.com/a-/ALV-UjX6Ip6RhD4OG-ZmTAtBCGJlxAf-4myrYrfG4zSKwYmTbg,Brimo sekarang tidak bisa log-in di hp yang berbeda tanpa menggunakan kartu seluler yg terdaftar. Dan meski sudah menggunakan nomornya tetapi jaringannya berbeda karena sedang menggunakan data roaming tetap tidak bisa login,1,2024-02-09 14:18:33,0,5
51232024-5d21-4e66-a6ef-98c186a72066,ENDI Fam,https://play-lh.googleusercontent.com/a/ACg8ocI_YHAWrI1KoAOHOf84jhJ7WoquoovBu-99IEeZA8_x=mo,Sangat bagus dan membantu,5,2024-02-09 14:14:07,1,0
8280a24f-6369-4c46-80b1-69620c325b6d,Ryan Syah,https://play-lh.googleusercontent.com/a/ACg8ocInMq5svcAcUmDMjZ8sW3PwywRvhmMWPtAFPNF74pvh=mo,"Pihak BRI tolong jangan membocorkan/membagikan data nasabah, termasuk ke group BRI seperti BRI life.. Kami merasa di dirugikan.. awalnya di telepon mengaku BRI pusat, bla bla bla .. Tahunya jebakan, dimasukan ke asuransi tanpa persetujuan sah, saldo terpotong otomatis.. Pembatalan/refund premi bertele tele. Terimakasih.",1,2024-02-09 14:13:41,0,8
81fa26e1-9584-4352-9d06-ee4931403055,ahmad palena,https://play-lh.googleusercontent.com/a-/ALV-UjWY-YiBnDkW-1Gzqw-9dVem36_tJOhN9f1mNZ7GiGZ8vg,Sejauh ini baik,4,2024-02-09 14:12:36,1,0
64aaeb5b-a839-4d9c-b81e-32d9f932b221,Abi Sofyan,https://play-lh.googleusercontent.com/a/ACg8ocJzCr55aO7we5bs5gKcHpwp0FRDrvAowPEevQaPjF0=mo,Bagus dan gampang dpakainya,5,2024-02-09 14:00:50,1,0
f274ebc0-bcfd-402a-916e-d95f03bc4b47,Bareshi Sitindaon,https://play-lh.googleusercontent.com/a/ACg8ocLcteWGEVx0zj_OCq9tKIgounJYERMHn4-hC0mpI94R=mo,Sejauh ini jos gak ada kendala,5,2024-02-09 13:59:39,1,3
38749d5e-d897-49ce-9b2c-f9cc8ca58d1c,Thin Guampe,https://play-lh.googleusercontent.com/a/ACg8ocJxwadUTQMRQ4LvSJ50YX2_G63aIlXH5gwaJME4vsiK=mo,Sangat membantu,5,2024-02-09 13:51:14,1,7
b6d463d6-20a2-4a91-be52-b4600a7a987e,Ainiyatun Nikmal,https://play-lh.googleusercontent.com/a/ACg8ocJ2WgY3WT-RQZ1JEFhJg5YzXXcPc_kLu4MiqZEvRW9G=mo,Akses semuanya sangat mudah dan cepat di gunakan üëçüëç,5,2024-02-09 13:48:58,1,1
1870043d-0b92-4390-96c6-718bacf1390b,ode ervin,https://play-lh.googleusercontent.com/a-/ALV-UjWZhY-dPbE4cSNzbi2KzRXIco-5st34BM7mmcChsWh7lAE,Bagus,5,2024-02-09 13:46:18,1,0
922e52d0-70e6-4ebb-94e7-428c138549aa,Achmad Aditia Rizki,https://play-lh.googleusercontent.com/a/ACg8ocJ6NyLO5qCcAVCtIpkbzJnyYzd8x3KYfCfjjgGKafM=mo,Aplikasi bagus dan memudahkan nasabah bank üëå,5,2024-02-09 13:45:47,1,3
8cb39fea-a066-4652-8b55-b0c7a952877f,Euis Nurhayati,https://play-lh.googleusercontent.com/a-/ALV-UjWhGsGqiqt-RNos8B5C7NmEGE6Mm97MSTOqULm3oG2OHzU,"sangat senang dengan pelayanannya, trimakasih.",5,2024-02-09 13:42:06,1,4
4f3dea9f-02f2-4282-af6a-e951191e834d,rendy fc,https://play-lh.googleusercontent.com/a-/ALV-UjUy3Qa4wmUBCqQiiC20P0wlNolsO7F605M6-tCwet7bXA,Keren,5,2024-02-09 13:40:30,1,6
